registerCustomer, 2023-05-19T19:05:31.574797
registerRestaurantOwner, 2023-05-19T19:05:31.596794400
registerDriver, 2023-05-19T19:05:31.602798300
sortUsersByName, 2023-05-19T19:05:31.633797400
printUsers, 2023-05-19T19:05:31.637796500
login, 2023-05-19T19:05:31.645801400
addRestaurant, 2023-05-19T19:05:31.647793800
addRecipeToRestaurant, 2023-05-19T19:05:31.652795900
addRecipeToRestaurant, 2023-05-19T19:05:31.659798200
addRecipeToRestaurant, 2023-05-19T19:05:31.664800300
addRecipeToRestaurant, 2023-05-19T19:05:31.669807100
logout, 2023-05-19T19:05:31.674816
login, 2023-05-19T19:05:31.676802
startOrder, 2023-05-19T19:05:31.678801100
addRecipeToOrder, 2023-05-19T19:05:31.682806100
addRecipeToOrder, 2023-05-19T19:05:31.684804400
sendOrder, 2023-05-19T19:05:31.687803400
printOrderHistory, 2023-05-19T19:05:31.689807700
logout, 2023-05-19T19:05:31.704807200
login, 2023-05-19T19:05:31.707815800
removeRecipeFromRestaurant, 2023-05-19T19:05:31.709820
logout, 2023-05-19T19:05:31.712802500
login, 2023-05-19T19:05:31.715801100
startOrder, 2023-05-19T19:05:31.717802700
addRecipeToOrder, 2023-05-19T19:05:31.720802400
cancelOrder, 2023-05-19T19:05:31.722797300
printOrderHistory, 2023-05-19T19:05:31.724799
logout, 2023-05-19T19:05:31.727798300
login, 2023-05-19T19:05:31.729814200
getOrderToDeliver, 2023-05-19T19:05:31.731799300
deliverOrder, 2023-05-19T19:05:31.734802600
markAsDelivered, 2023-05-19T19:05:31.736797600
printOrderHistory, 2023-05-19T19:05:31.738799700
printOrderHistory, 2023-05-19T19:05:31.741810400
logout, 2023-05-19T19:05:31.752805400
registerCustomer, 2023-05-19T19:05:31.755797800
logout, 2023-05-19T19:05:31.757798500
login, 2023-05-19T19:05:31.760799200
login, 2023-05-19T19:05:31.762809400
addRestaurant, 2023-05-19T19:05:31.764798500
addRecipeToRestaurant, 2023-05-19T19:05:31.766821500
login, 2023-05-19T19:05:31.769808900
addRecipeToRestaurant, 2023-05-19T19:05:31.771815600
login, 2023-05-19T19:05:31.773812900
addRecipeToRestaurant, 2023-05-19T19:05:31.776810500
registerCustomer, 2023-05-19T19:14:21.471793
registerCustomer, 2023-05-19T19:14:27.519167300
registerCustomer, 2023-05-19T19:22:54.274831800
registerRestaurantOwner, 2023-05-19T19:22:54.293836
registerDriver, 2023-05-19T19:22:54.299835200
sortUsersByName, 2023-05-19T19:22:54.346833600
printUsers, 2023-05-19T19:22:54.350832400
login, 2023-05-19T19:22:54.358837
addRestaurant, 2023-05-19T19:22:54.361848900
addRecipeToRestaurant, 2023-05-19T19:22:54.367834
addRecipeToRestaurant, 2023-05-19T19:22:54.373831
addRecipeToRestaurant, 2023-05-19T19:22:54.385833800
addRecipeToRestaurant, 2023-05-19T19:22:54.391829400
logout, 2023-05-19T19:22:54.396837800
login, 2023-05-19T19:22:54.399851200
startOrder, 2023-05-19T19:22:54.401837300
addRecipeToOrder, 2023-05-19T19:22:54.404838800
addRecipeToOrder, 2023-05-19T19:22:54.407835800
sendOrder, 2023-05-19T19:22:54.409838700
printOrderHistory, 2023-05-19T19:22:54.412845
logout, 2023-05-19T19:22:54.427832400
login, 2023-05-19T19:22:54.430828300
removeRecipeFromRestaurant, 2023-05-19T19:22:54.432830
logout, 2023-05-19T19:22:54.434831500
login, 2023-05-19T19:22:54.437832100
startOrder, 2023-05-19T19:22:54.439839500
addRecipeToOrder, 2023-05-19T19:22:54.442832500
cancelOrder, 2023-05-19T19:22:54.444846
printOrderHistory, 2023-05-19T19:22:54.447830300
logout, 2023-05-19T19:22:54.449834100
login, 2023-05-19T19:22:54.452834400
getOrderToDeliver, 2023-05-19T19:22:54.454826400
deliverOrder, 2023-05-19T19:22:54.457837500
markAsDelivered, 2023-05-19T19:22:54.459838800
printOrderHistory, 2023-05-19T19:22:54.461841500
printOrderHistory, 2023-05-19T19:22:54.465838500
logout, 2023-05-19T19:22:54.477830600
registerCustomer, 2023-05-19T19:22:54.479835300
logout, 2023-05-19T19:22:54.482830200
login, 2023-05-19T19:22:54.485842
login, 2023-05-19T19:22:54.487840300
addRestaurant, 2023-05-19T19:22:54.490850500
addRecipeToRestaurant, 2023-05-19T19:22:54.493837300
login, 2023-05-19T19:22:54.496837300
addRecipeToRestaurant, 2023-05-19T19:22:54.498841100
login, 2023-05-19T19:22:54.501831700
addRecipeToRestaurant, 2023-05-19T19:22:54.505833
registerCustomer, 2023-05-19T19:23:20.347975900
registerRestaurantOwner, 2023-05-19T19:23:20.374976100
registerDriver, 2023-05-19T19:23:20.382973300
sortUsersByName, 2023-05-19T19:23:20.416975
printUsers, 2023-05-19T19:23:20.421972600
login, 2023-05-19T19:23:20.430983100
addRestaurant, 2023-05-19T19:23:20.432980500
addRecipeToRestaurant, 2023-05-19T19:23:20.438980200
addRecipeToRestaurant, 2023-05-19T19:23:20.445975100
addRecipeToRestaurant, 2023-05-19T19:23:20.456977500
addRecipeToRestaurant, 2023-05-19T19:23:20.461977700
logout, 2023-05-19T19:23:20.467976300
login, 2023-05-19T19:23:20.470984900
startOrder, 2023-05-19T19:23:20.472979
addRecipeToOrder, 2023-05-19T19:23:20.477981300
addRecipeToOrder, 2023-05-19T19:23:20.480989600
sendOrder, 2023-05-19T19:23:20.483978
printOrderHistory, 2023-05-19T19:23:20.485979700
logout, 2023-05-19T19:23:20.500979
login, 2023-05-19T19:23:20.502973200
removeRecipeFromRestaurant, 2023-05-19T19:23:20.505986200
logout, 2023-05-19T19:23:20.508975700
login, 2023-05-19T19:23:20.510973600
startOrder, 2023-05-19T19:23:20.512987200
addRecipeToOrder, 2023-05-19T19:23:20.515974600
cancelOrder, 2023-05-19T19:23:20.517973600
printOrderHistory, 2023-05-19T19:23:20.520983200
logout, 2023-05-19T19:23:20.523976
login, 2023-05-19T19:23:20.525985700
getOrderToDeliver, 2023-05-19T19:23:20.528979
deliverOrder, 2023-05-19T19:23:20.531986200
markAsDelivered, 2023-05-19T19:23:20.533994
printOrderHistory, 2023-05-19T19:23:20.536979100
printOrderHistory, 2023-05-19T19:23:20.539979400
logout, 2023-05-19T19:23:20.550990500
registerCustomer, 2023-05-19T19:23:20.554986100
logout, 2023-05-19T19:23:20.556977500
login, 2023-05-19T19:23:20.560980300
login, 2023-05-19T19:23:20.563987
addRestaurant, 2023-05-19T19:23:20.565978900
addRecipeToRestaurant, 2023-05-19T19:23:20.568980700
login, 2023-05-19T19:23:20.571977900
addRecipeToRestaurant, 2023-05-19T19:23:20.573978100
login, 2023-05-19T19:23:20.576987500
addRecipeToRestaurant, 2023-05-19T19:23:20.579992600
registerCustomer, 2023-05-19T19:31:31.023956800
registerCustomer, 2023-05-19T19:31:48.973626
registerRestaurantOwner, 2023-05-19T19:31:48.996622100
registerDriver, 2023-05-19T19:31:49.003623200
sortUsersByName, 2023-05-19T19:31:49.029622200
printUsers, 2023-05-19T19:31:49.033622400
login, 2023-05-19T19:31:49.041627600
addRestaurant, 2023-05-19T19:31:49.044622100
addRecipeToRestaurant, 2023-05-19T19:31:49.050621300
addRecipeToRestaurant, 2023-05-19T19:31:49.056620400
addRecipeToRestaurant, 2023-05-19T19:31:49.068622200
addRecipeToRestaurant, 2023-05-19T19:31:49.073623100
logout, 2023-05-19T19:31:49.079622300
login, 2023-05-19T19:31:49.082628600
startOrder, 2023-05-19T19:31:49.084620100
addRecipeToOrder, 2023-05-19T19:31:49.088624800
addRecipeToOrder, 2023-05-19T19:31:49.091621400
sendOrder, 2023-05-19T19:31:49.093617800
printOrderHistory, 2023-05-19T19:31:49.096618200
logout, 2023-05-19T19:31:49.111625700
login, 2023-05-19T19:31:49.113621400
removeRecipeFromRestaurant, 2023-05-19T19:31:49.116617400
logout, 2023-05-19T19:31:49.118616500
login, 2023-05-19T19:31:49.120618500
startOrder, 2023-05-19T19:31:49.123621
addRecipeToOrder, 2023-05-19T19:31:49.125617400
cancelOrder, 2023-05-19T19:31:49.128622300
printOrderHistory, 2023-05-19T19:31:49.131619700
logout, 2023-05-19T19:31:49.133619100
login, 2023-05-19T19:31:49.136620500
registerCustomer, 2023-05-19T19:33:43.873189
registerRestaurantOwner, 2023-05-19T19:33:43.892183900
registerDriver, 2023-05-19T19:33:43.899182800
sortUsersByName, 2023-05-19T19:33:43.926183
printUsers, 2023-05-19T19:33:43.930187
login, 2023-05-19T19:33:43.938185600
addRestaurant, 2023-05-19T19:33:43.941181
addRecipeToRestaurant, 2023-05-19T19:33:43.947182400
addRecipeToRestaurant, 2023-05-19T19:33:43.953180900
addRecipeToRestaurant, 2023-05-19T19:33:43.965179600
addRecipeToRestaurant, 2023-05-19T19:33:43.969183100
logout, 2023-05-19T19:33:43.975182500
login, 2023-05-19T19:33:43.978184300
startOrder, 2023-05-19T19:33:43.981182500
addRecipeToOrder, 2023-05-19T19:33:43.985181100
addRecipeToOrder, 2023-05-19T19:33:43.988182400
sendOrder, 2023-05-19T19:33:43.990184300
printOrderHistory, 2023-05-19T19:33:43.993180400
logout, 2023-05-19T19:33:44.008183800
login, 2023-05-19T19:33:44.010180700
removeRecipeFromRestaurant, 2023-05-19T19:33:44.013181900
logout, 2023-05-19T19:33:44.016183500
login, 2023-05-19T19:33:44.018180400
startOrder, 2023-05-19T19:33:44.020179600
addRecipeToOrder, 2023-05-19T19:33:44.023182500
cancelOrder, 2023-05-19T19:33:44.026179200
printOrderHistory, 2023-05-19T19:33:44.028181700
logout, 2023-05-19T19:33:44.031180600
login, 2023-05-19T19:33:44.034184600
registerCustomer, 2023-05-19T19:34:13.092023800
registerRestaurantOwner, 2023-05-19T19:34:13.112015400
registerDriver, 2023-05-19T19:34:13.119014700
sortUsersByName, 2023-05-19T19:34:13.152028
printUsers, 2023-05-19T19:34:13.155022500
login, 2023-05-19T19:34:13.164019700
addRestaurant, 2023-05-19T19:34:13.167021
addRecipeToRestaurant, 2023-05-19T19:34:13.173013400
addRecipeToRestaurant, 2023-05-19T19:34:13.179013100
addRecipeToRestaurant, 2023-05-19T19:34:13.192018800
addRecipeToRestaurant, 2023-05-19T19:34:13.197016800
logout, 2023-05-19T19:34:13.203016100
login, 2023-05-19T19:34:13.205014
startOrder, 2023-05-19T19:34:13.208016400
addRecipeToOrder, 2023-05-19T19:34:13.212016200
addRecipeToOrder, 2023-05-19T19:34:13.215012500
sendOrder, 2023-05-19T19:34:13.218018300
printOrderHistory, 2023-05-19T19:34:13.221015100
logout, 2023-05-19T19:34:13.236017500
login, 2023-05-19T19:34:13.238014500
removeRecipeFromRestaurant, 2023-05-19T19:34:13.241013
logout, 2023-05-19T19:34:13.243011900
login, 2023-05-19T19:34:13.246021500
startOrder, 2023-05-19T19:34:13.249017
addRecipeToOrder, 2023-05-19T19:34:13.251013100
cancelOrder, 2023-05-19T19:34:13.254012900
printOrderHistory, 2023-05-19T19:34:13.256015200
logout, 2023-05-19T19:34:13.259014
login, 2023-05-19T19:34:13.262017
getOrderToDeliver, 2023-05-19T19:34:13.265014400
deliverOrder, 2023-05-19T19:34:13.268017400
markAsDelivered, 2023-05-19T19:34:13.271013300
printOrderHistory, 2023-05-19T19:34:13.274012
printOrderHistory, 2023-05-19T19:34:13.277017700
logout, 2023-05-19T19:34:13.290012300
registerCustomer, 2023-05-19T19:34:13.292015600
logout, 2023-05-19T19:34:13.295015700
login, 2023-05-19T19:34:13.298014500
login, 2023-05-19T19:34:13.301014400
addRestaurant, 2023-05-19T19:34:13.304020300
addRecipeToRestaurant, 2023-05-19T19:34:13.307025400
login, 2023-05-19T19:34:13.310027100
addRecipeToRestaurant, 2023-05-19T19:34:13.313021700
login, 2023-05-19T19:34:13.316024900
addRecipeToRestaurant, 2023-05-19T19:34:13.319026800
registerCustomer, 2023-05-19T19:37:19.878175900
registerRestaurantOwner, 2023-05-19T19:37:19.897172700
registerDriver, 2023-05-19T19:37:19.903174700
sortUsersByName, 2023-05-19T19:37:19.930172800
printUsers, 2023-05-19T19:37:19.934174400
login, 2023-05-19T19:37:19.943179300
addRestaurant, 2023-05-19T19:37:19.945166400
addRecipeToRestaurant, 2023-05-19T19:37:19.951178
addRecipeToRestaurant, 2023-05-19T19:37:19.957181400
addRecipeToRestaurant, 2023-05-19T19:37:19.969174100
addRecipeToRestaurant, 2023-05-19T19:37:19.975178500
logout, 2023-05-19T19:37:19.980174
login, 2023-05-19T19:37:19.983171
startOrder, 2023-05-19T19:37:19.985176
addRecipeToOrder, 2023-05-19T19:37:19.989174
addRecipeToOrder, 2023-05-19T19:37:19.992178800
sendOrder, 2023-05-19T19:37:19.995183900
printOrderHistory, 2023-05-19T19:37:19.998173700
logout, 2023-05-19T19:37:20.014182
login, 2023-05-19T19:37:20.017180700
removeRecipeFromRestaurant, 2023-05-19T19:37:20.020182
logout, 2023-05-19T19:37:20.022186600
login, 2023-05-19T19:37:20.025168900
startOrder, 2023-05-19T19:37:20.027184700
addRecipeToOrder, 2023-05-19T19:37:20.030190300
cancelOrder, 2023-05-19T19:37:20.033189200
printOrderHistory, 2023-05-19T19:37:20.036186300
logout, 2023-05-19T19:37:20.038175300
login, 2023-05-19T19:37:20.041169400
getOrderToDeliver, 2023-05-19T19:37:20.043177500
deliverOrder, 2023-05-19T19:37:20.046177400
markAsDelivered, 2023-05-19T19:37:20.049191900
printOrderHistory, 2023-05-19T19:37:20.052195300
printOrderHistory, 2023-05-19T19:37:20.055188
logout, 2023-05-19T19:37:20.066180300
registerCustomer, 2023-05-19T19:37:20.069174500
logout, 2023-05-19T19:37:20.072183100
login, 2023-05-19T19:37:20.075196200
login, 2023-05-19T19:37:20.079186800
addRestaurant, 2023-05-19T19:37:20.081166800
addRecipeToRestaurant, 2023-05-19T19:37:20.084166200
login, 2023-05-19T19:37:20.086165900
addRecipeToRestaurant, 2023-05-19T19:37:20.089166400
login, 2023-05-19T19:37:20.091166
addRecipeToRestaurant, 2023-05-19T19:37:20.094187800
